Modelo,Accuracy,Precision,Recall,F1
Baseline clase mayoritaria,0.5,0.0,0.0,0.0
Solo metadatos,0.7991071428571429,0.7189542483660131,0.9821428571428571,0.8301886792452831
Solo imágenes CNN,0.7589285714285714,0.7543859649122807,0.7678571428571429,0.7610619469026548
Híbrido CNN + metadatos,0.9196428571428571,1.0,0.8392857142857143,0.912621359223301
